Q_id,ref_id,model_name,manufacturer,location,W_count,Q_count,Total_count
1.00,AS9/3,Transparent Torso Model with Blood vessels and head,SOMSO,Cupboard 7,1,0,1
1.01,,Asian Torso,Original Somso,Cupboard 7,1,0,1
1.02,AS23/1,Male Torso with Head and Open Back (20 parts),SOMSO,"W101, W306",8,4,12
1.03,AS4,Torso on Beige Base with Removable head,SOMSO,W306,1,0,1
1.05,AS44,Torso without Head and 1/2 omentum,SOMSO,Compactus,1,0,1
1.06,AS7,"Torso, 1/2 muscle, M & F chest and genitalia ",SOMSO,W306,2,2,4
1.07,AS6,Muscular torso with interchange male & female genitalia,SOMSO,Compactus,2,0,2
1.08,0799-00,Plane Jane,Denoyer Geppert,W306,2,0,2
1.09,201,Torso on White Base - Azygos Vein,Unknown,Compactus,3,0,3
1.10,AS3AP/NR,Colour Coded Male Muscle Figure (1 Part),SOMSO,W306,1,0,1
1.11,BS9,Sagittal 1/2 Head,SOMSO,Cupboard 5,6,3,9
1.12,BS43,Sagittal and Frontal Head Section Slab,SOMSO,Cupboard 5,6,2,8
1.14,FS4,"Median Section of the Cavities of Nose, Mouth, and Throat ",SOMSO,Cupboard 6,6,0,6
1.20,FS5,XL Head with Cavities of Nose/Mouth,SOMSO,Cupboard 6,1,0,1
1.21,BS3,Big Head and Shoulders,SOMSO,Cupboard 8,5,4,9
1.22,BS18,Small Head and Neck,SOMSO,Cupboard 8,5,0,5
1.31,HS7,Organs of the Thorax,SOMSO,Cupboard 7,8,2,10
1.33,,Plaster Thorax on Wood Slide Base (2 parts),Original Somso,W306,1,0,1
1.35,AS1,Benchtop Muscleman (27 parts),SOMSO,W306,7,1,8
1.36,AS1/1,Benchtop Muscleman (3 parts),SOMSO,Compactus,3,0,3
1.37,AS2/2,Muscleman on Wheeled Castor Base ,SOMSO,W306,2,0,2
1.42,MS10,Female Pelvis with Muscles,SOMSO,Cupboard 10,5,0,5
1.43,NA,Pelvis with muscles and ligaments - female (plaster),NA,Cupboard 10,1,0,1
1.51,NS15,Muscles of the Arm ,SOMSO,Cupboard 5,9,1,10
1.52,NS13,Muscles of the Hand,SOMSO,Cupboard 21,5,0,5
1.61,NS10,Muscles of the Leg,SOMSO,Cupboard 6,9,1,10
1.62,NS9,Muscles of the Foot (9 parts),SOMSO,Cupboard 19,9,2,11
1.63,NS1,Normal Foot,SOMSO,Cupboard 18,1,0,1
1.64,NS2,Flat Foot,SOMSO,Cupboard 18,1,0,1
1.65,NS3,Arched Foot,SOMSO,Cupboard 18,1,0,1
1.66,NS7,"Foot - on Stand, Skin on Toes",SOMSO,Cupboard 18,1,0,1
1.70,BS5/5,Axial Sectional Head (11 sections),SOMSO,Cupboard 8,3,2,5
3.01,KS1,Skin,SOMSO,Cupboard 9,10,4,14
3.03,KS3,Skin Block,SOMSO,Q704,0,2,2
3.11,MS7/1,Breast - Lactating,SOMSO,Cupboard 9,2,2,4
3.12,MS7,Breast - Non-Lactating,SOMSO,Cupboard 9,2,2,4
4.01,QS10/1,Male Skeleton - Articulated,SOMSO,"W102,W306",6,3,9
4.02,QS10/8,Female Skeleton - Articulated,SOMSO,"W102,W306",5,0,5
4.03,QS10/6+9L,Origin/Insertion Skeleton - Articulated,SOMSO,"W102,W306",3,0,3
4.04,QS40/1,1/2 Skeleton Set,SOMSO,bone boxes,14,0,14
4.10,QS17/3,Hyoid Bone,SOMSO,bone boxes,12,0,12
4.11,QS7,Skull,SOMSO,Cupboard 23,14,4,18
4.12,QS9,Bauchene (Exploded) Skull ,SOMSO,Cupboard 14,3,1,4
4.13,QS3,Newborn Skull,SOMSO,Cupboard 23,4,2,6
4.14,QS3/2,Child Skull (6 Years),SOMSO,Cupboard 23,4,2,6
4.15,QS8/3,Multicoloured Skull,SOMSO,Cupboard 23,5,2,7
4.20,QS69,Ear Ossicles in Display Case,SOMSO,Cupboard 10,6,4,10
4.41,QS16,Articulated Male Pelvis,SOMSO,Cupboard 12,5,2,7
4.42,QS26,Articulated Female Pelvis,SOMSO,Cupboard 11,5,2,7
4.66,QS23,Foot Bones with Distal Tib/Fib - Articulated with Metal Wire,SOMSO,Cupboard 18,5,0,5
4.68,QS25,Foot Bones - Articulated with Metal Wire,SOMSO,Q704,,2,2
4.81,QS61,Osteon,SOMSO,Cupboard 16 & 17,7,3,10
4.91,NS48,Shoulder - Framed Section,SOMSO,Cupboard 22,4,2,6
4.92,NS46,Elbow - Framed Section,SOMSO,Cupboard 25,5,1,6
4.93,NS45,Hand - Framed Section,SOMSO,Cupboard 21,5,1,6
4.94,NS44,Hip - Framed Section,SOMSO,Cupboard 20,5,1,6
4.95,NS43,Knee - Framed Section,SOMSO,Cupboard 24,5,1,6
4.96,NS47,Foot - Framed Section,SOMSO,Cupboard 18,5,1,6
5.01,QS19/10,Foot Bones - Articulated with Plastic String,SOMSO,bone boxes,6,0,6
5.02,QS19/20,Hand Bones - Articulated with Plastic String,SOMSO,bone boxes,5,0,5
5.31,NS17,Shoulder Joint - Immovable,SOMSO,Cupboard 22,4,2,6
5.32,NS53,Shoulder Joint - Flexible,SOMSO,Cupboard 22,4,4,8
5.41,NS18,Elbow Joint - Immovable,SOMSO,Cupboard 25,5,2,7
5.411,,Humerus with Radius and Ulna,Old SOMSO,Q704,,1,
5.412,,Distal half of the Humerus with Radius and Ulna,Old SOMSO,Q704,,1,
5.42,NS52,Elbow Joint - Flexible,SOMSO,Cupboard 25,5,4,9
5.50,MS10/1,Pelvis with Ligaments,SOMSO,Cupboard 15,3,0,3
5.51,NS20,Hip Joint - Immovable,SOMSO,Cupboard 20,5,2,7
5.52,NS51,Hip Joint - Flexible,SOMSO,Cupboard 20,5,4,9
5.61,NS19,Knee Joint - Immovable,SOMSO,Cupboard 24,5,2,7
5.62,NS50,Knee Joint - Flexible,SOMSO,Cupboard 24,7,4,11
5.72,NS21,Foot with Ligaments,SOMSO,Cupboard 19,7,2,9
5.73,NS37,Ligaments of the Ankle with Open Talonavicular Joint,SOMSO,Cupboard 19,5,0,5
6.01,BS36,Skeletal Muscular Fibre on Green Base,SOMSO,Cupboard 28,6,3,9
6.02,0779-00,Complete Sarcomere,Denoyer Geppert,Q704,0,1,1
6.03,6000.32,Skeletal Muscle Fibre on Grey Base,Altay Scientific,Cupboard 28,2,2,4
6.04,B60,Skeletal Muscle Fibre on White Base,3B,Cupboard 28,4,0,4
7.00,HS6/1,Heart with Conducting System ,SOMSO,Cupboard 27,8,0,8
7.01,HS5,Heart,SOMSO,Cupboard 27,2,0,2
7.012,HS3,Heart - 3/4 Natural Size (2 parts),SOMSO,Q704,0,1,1
7.013,HS4,Heart - Natural Size (2 parts),SOMSO,Q704,0,3,3
7.014,HS6,Heart - 1 1/2 Natural Size (5 parts),SOMSO,Q704,0,2,2
7.04,HS22,Heart on Diaphragm Base,SOMSO,Cupboard 26,5,2,7
7.05,HS15/1,Triple Bypass Heart,SOMSO,Cupboard 27,1,0,1
7.06,HS24,Foetal Heart (3 parts),SOMSO,Cupboard 27,1,2,3
7.10,HS25/2,Artery and Vein,SOMSO,Cupboard 33,6,2,8
7.211,,Artery with Cholesterol,GPI Anatomicals,Q704,0,1,1
7.41,HS19,Lymph Node,SOMSO,Cupboard 29,7,4,11
7.449,,Heart with diseased parts of arteries,Lippincott Williams & Wilkins,Q704,0,2,2
7.50,HS19/1,Lymphatic Slab,SOMSO,Cupboard 32,6,0,6
8.02,BS20/1,Half Brain,SOMSO,Cupboard 30,5,0,5
8.03,QS65/6,Skull with Arteries - Circle of Willis,SOMSO,Cupboard 30,5,4,9
8.036,1020160,"Skull and Cervical Column on Stand - With Arteries and Nerves, Removable Calvaria ",3B,Q704,0,2,2
8.05,BS23,Whole Brain,SOMSO,Cupboard 30,12,3,15
8.06,BS2,Tentorium Skull,SOMSO,Cupboard 31,6,3,9
8.061,BS5/1,Base of the Head (8 parts),SOMSO,Q704,0,2,2
8.11,BS24,Grey Brain Ventricles,SOMSO,Cupboard 31,7,6,13
8.12,VH410,Amber Brain Ventricles,3B,Cupboard 31,4,0,4
8.21,BS25/1,Coloured Brain on Base of Skull (with cervical vertebrae),SOMSO,Cupboard 31,6,0,6
8.22,BS23/4,Coloured Brain on Stand (with medial portion of skulls),SOMSO,Cupboard 31,3,0,3
8.23,QS65/7,Brain in Transparent Skull,SOMSO,Cupboard 31,3,0,3
8.24,BS25/T,Transparent Brain with Visible Brainstem,SOMSO,Cupboard 31,1,0,1
8.25,BS23/3,Brain with 1/2 Meninges,SOMSO,Cupboard 31,2,0,2
8.26,BS25/2-T,Brainstem with Deep Brain Structures,SOMSO,Cupboard 31,2,0,2
8.27,BS45,5 Sections of the Brain in Wooden Case,SOMSO,Cupboard 30,2,0,2
8.31,BS31,Spinal Slab,SOMSO,Cupboard 34,6,1,7
8.32,QS21/3,Hanging Vertebral Column with Pelvis ,SOMSO,Compactus,4,2,6
8.33,QS15,Hanging Vertebral Column,SOMSO,Compactus,1,1,2
8.34,QS21/5,Hanging Vertebral Column with Pelvis - Prolapsed Disc and Laminectomy,SOMSO,Compactus,1,1,2
8.41,QS65/5,Pectoral Girdle with Brachial Plexus,SOMSO,Cupboard 42,3,0,3
8.42,QS66/2,Pelvic Girdle with Lumbar Plexus,SOMSO,Cupboard 43,3,0,3
8.43,BS26/1,Nervous System Slab with Digestive Innervation,SOMSO,Cupboard 34,2,0,2
8.44,BS27,Nervous System Slab with Limb Innervation,SOMSO,Cupboard 34,3,0,3
8.51,BS30,Fifth Cervical Vertebra,SOMSO,Cupboard 30,8,5,13
8.52,BS32/37,"Spinal Cord (2 models as 1 piece, on green board, with removable clear box cover)",SOMSO,Cupboard 30,3,0,3
8.53,QS54,6x Example Vertebrae in Case,SOMSO,Cupboard 30,1,0,1
8.54,0165-00,Deluxe Spinal Cord - Enlarged 6x,Denoyer Geppert,Q704,0,1,1
8.55,BS33(part1),Model 1: Spinal cord with nerves on stand (same as 8.52),SOMSO,Cupboard 30,1,1,2
8.56,BS33(part2),Model 2: Section through spinal cord on stand (same as 8.52),SOMSO,Cupboard 30,2,0,2
8.61,NA,Neuron - Old,NA,Q704,0,1,1
8.62,BS35/1,"Neuron (1 part, green board)",SOMSO,Cupboard 31,6,4,10
8.63,BS35/3,Synapse,SOMSO,Cupboard 30,7,5,12
8.64,0167-00,Motor Neuron Diorama,Denoyer Geppert,Cupboard 31,2,2,4
8.71,BS28,Lumbar Vertebra (L II) with Spinal Cord,SOMSO,Cupboard 30,1,0,1
8.72,BS28/1,Thoracic Vertebra (TH II) with Spinal Cord,SOMSO,Cupboard 30,1,0,1
8.73,BS29,Cervical Vertebra (C VI) with Spinal Cord,SOMSO,Cupboard 30,1,0,1
8.81,BS35,Large Neuron on Clear Base,SOMSO,Cupboard 30,1,0,1
9.03,CS7,Eyeball ( 5 parts),SOMSO,Cupboard 36,2,0,2
9.04,CS2/2,Eye with Eyelid,SOMSO,Cupboard 35,10,3,13
9.05,CS8/1,Large Eye,SOMSO,Cupboard 37,1,0,1
9.06,CS2,Eye without Eyelid,SOMSO,Cupboard 35,2,0,2
9.11,DS5,Ear,SOMSO,Cupboard 38,10,3,13
9.14,DS13,Ear Labyrinth (only has root of nerve network),SOMSO,Cupboard 39,3,1,4
9.15,DS14,Ear Labyrinth with network of nerves,SOMSO,Cupboard 39,2,0,2
9.17,DS10,Section Through the Central Spiral of the Cochlea - Slab,SOMSO,Q704,0,1,1
9.18,DS18,Ear Ossicles on stand,SOMSO,Cupboard 39,2,1,3
9.19,DS17,Labyrinth with Ossicles and Tympanic Membrane (3 parts),SOMSO,Cupboard 39,4,1,5
11.01,(FromAS6),Interchangeable sex organs - Male ,SOMSO,Cupboard 45,2,1,3
11.02,(FromAS6),Interchangeable sex organs - Female,SOMSO,Cupboard 45,2,1,3
11.03,(FromAS7/AS4),"Chest Piece (Female) 2x from AS 7 Torso, 1x from AS 4 Torso",SOMSO,Cupboard 44,3,1,4
11.04,(FromAS7),Chest Piece (Male),SOMSO,Cupboard 44,2,1,3
11.05,(FromAS7),Abdominal Muscles,SOMSO,Cupboard 44,2,0,2
11.11,MS2,Male Pelvic Reproductive Slab,SOMSO,Cupboard 46,10,4,14
11.12,MS1,Female Pelvic Reproductive Slab,SOMSO,Cupboard 47,10,4,14
11.13,MS42,Internal Female Genital Organs (2 parts) - Showing an Embryo in the 10th week,SOMSO,W306,1,0,1
11.15,MS3/2,Transparent Model of Male Sexual Organs,SOMSO,Cupboard 40,2,0,2
11.16,MS5/2,Transparent Model of Female Sexual Organs,SOMSO,Cupboard 41,2,0,2
11.20,MS15,Fertilization and Development of the Human Ovum up to the 3rd Month (Display Box of the 16 Models),SOMSO,Compactus,1,0,1
11.21,MS47,Fertilization and Development of the Human Ovum up to the 3rd Month (Individual Set of the 16 Models [A-P]),SOMSO,Compactus,1,0,1
11.22,MS11,Embryo (approximately 4 weeks) - Enlarged 25x,SOMSO,Compactus,2,0,2
11.23,MS46,Human Development of the Embryo up to the end of the 1st Month (Set of 13 models [A-M]),SOMSO,Compactus,2,0,2
11.25,MS21,Obstetric Phantom,SOMSO,W306,1,0,1
11.31,MS12/1,Uterus with Embryo in 1st Month,SOMSO,Compactus,1,0,1
11.32,MS12/2,Uterus with Embryo in 2nd Month,SOMSO,Compactus,1,0,1
11.33,MS12/3,Uterus with Embryo in 3rd Month,SOMSO,Compactus,1,0,1
11.34,MS12/4,Uterus with Foetus in 4th - 5th Month (2 parts) - Abdominal Position,SOMSO,Compactus,1,0,1
11.35,MS12/5,Uterus with Foetus in 5th Month (2 parts) - Breech Position,SOMSO,Compactus,1,0,1
11.36,MS12/6,Uterus with Foetus in 5th Month (2 parts) - Dorsal Position,SOMSO,Compactus,1,0,1
11.37,MS12/7,Uterus with Foetus in 7th month (2 parts) - Normal Position,SOMSO,Compactus,1,0,1
11.38,MS12/8,Uterus with Twin Foetuses in 5th Month (3 parts),SOMSO,Compactus,1,0,1
11.39,MS13/1,Pelvis with Uterus and Foetus in 9th month of Pregnancy (4 parts),SOMSO,W306,1,0,1
11.41,MS50,Ovary Enlarged 10x,SOMSO,Cupboard 48 & 49,4,2,6
11.43,MS08/1,Female Pelvis with Muscles on Clear Base,SOMSO,Cupboard 45,2,0,2
11.50,MS4/1,Fertilisation Slab,SOMSO,W306,2,1,3
11.61,MS45/1,Birth Process - First Stage,SOMSO,W306,1,0,1
11.62,MS45/2,Birth Process - Second Stage,SOMSO,W306,1,0,1
11.63,MS45/3,Birth Process - Third Stage,SOMSO,W306,1,0,1
11.71,MS48/3-1,"Anatomy of Human Embryos (approximately 3 weeks) - Enlarged 53x, Open side",SOMSO,Compactus,1,0,1
11.72,MS48/3-2,"Anatomy of Human Embryos (approximately 3 weeks) - Enlarged 53x, Open front",SOMSO,Compactus,1,0,1
11.73,MS48/3-3,"Anatomy of Human Embryos (approximately 3 weeks) - Enlarged 53x, Open back",SOMSO,Compactus,1,0,1
11.74,MS48/3-4,"Anatomy of Human Embryos (approximately 3 weeks) - Enlarged 53x, Displays internal organs ",SOMSO,Compactus,1,0,1
11.75,MS48/3-5,"Anatomy of Human Embryos (approximately 4 weeks) - Enlarged 50x, Open side ",SOMSO,Compactus,1,0,1
11.76,MS48/3-6,"Anatomy of Human Embryos (approximately 4 weeks) - Enlarged 50x, Open Thoracic & Adbominal cavity",SOMSO,Compactus,1,0,1
11.77,MS48/3-7,"Anatomy of Human Embryos (end of 4 weeks) - Enlarged 30x, Open laterally ",SOMSO,Compactus,1,0,1
11.78,MS48/3-8,"Anatomy of Human Embryos (end of 4 weeks) - Enlarged 30x, Open laterally with vascular details",SOMSO,Compactus,1,0,1
11.81,MS49(1/8),Brain of Human Embryo (approximately 4 weeks),SOMSO,Compactus,1,0,1
11.82,MS49(2/8),Brain of Human Embryo (approximately 4.5 weeks),SOMSO,Compactus,1,0,1
11.83,MS49(3/8),Brain of Human Embryo (approximately 5 weeks) - View of Lateral Ventricles,SOMSO,Compactus,1,0,1
11.84,MS49(4/8),Brain of Human Embryo (approximately 5 weeks) - Cross Section,SOMSO,Compactus,1,0,1
11.85,MS49(5/8),Brain of Human Embryo (approximately 5 weeks) - Cerebellum removed for view of Brain Stem,SOMSO,Compactus,1,0,1
11.86,MS49(6/8),Brain of Human Foetus (3 months) - View of Lateral Ventricles,SOMSO,Compactus,1,0,1
11.87,MS49(7/8),Brain of Human Foetus (3 months) - Cross Section,SOMSO,Compactus,1,0,1
11.88,MS49(8/8),Brain of Human Foetus (3 months) - View of Deep Structures,SOMSO,Compactus,1,0,1
11.90,MS16,Foetal Circulatory System (2 parts),SOMSO,W306,2,0,2
12.01,GS10,Larynx large with flexible ligaments,SOMSO,Cupboard 51,1,2,3
12.11,GS6,Larynx,SOMSO,Cupboard 51,5,2,7
12.21,GS4/1,Bronchial Tree,SOMSO,Cupboard 50,8,4,12
12.211,GS5,Larynx with Trachea (6 parts),SOMSO,Q704,0,2,2
12.31,HS23,Lobule of the Lung and Alveoli ,SOMSO,Cupboard 50,6,2,8
13.01,JS2/2,Digestive Tract Slab,SOMSO,Cupboard 32,6,2,8
13.03,JS8/1,Transparent Liver with Vascular Architecture,SOMSO,Cupboard 51,1,0,1
13.04,JS8/2,Transparent Liver and Gallbladder with Vascular Architecture (Large),SOMSO,Cupboard 51,1,0,1
13.10,ES14/1,Development of a Set of Teeth (8 parts),SOMSO,Cupboard 54,1,0,1
13.11,ES14,Development of a Set of Teeth ,SOMSO,Cupboard 54,1,0,1
13.12,ES11/5,First Upper Molar with Three Roots,SOMSO,Cupboard 54,2,0,2
13.20,JS4,Stomach (2 parts),SOMSO,Cupboard 54,4,0,4
13.41,0142-00,Villus,Denoyer Geppert,Cupboard 52,7,3,10
13.51,JS11,Pancreas with Spleen and Duodenum,SOMSO,Cupboard 53,6,3,9
13.52,K22/3,Rear Organs of Upper Abdomen,3B,Cupboard 53,2,0,2
13.61,JS8,Liver with Gallbladder,SOMSO,Cupboard 51,6,2,8
14.11,LS1,Right Kidney on Stand,SOMSO,Cupboard 56,1,0,1
14.21,LS9,3 Part Kidney Slab,SOMSO,Cupboard 57 & 58,8,2,10
14.31,LS4,1/2 Kidney slab ,SOMSO,Cupboard 56,5,2,7
14.41,LS6,Nephron,SOMSO,Cupboard 56,3,0,3
14.51,LS7,Glomerulus,SOMSO,Cupboard 56,5,1,6
14.61,LS3,Urinary System,SOMSO,Cupboard 55,7,1,8
15.01,ZoS120,Animal Cell,SOMSO,Cupboard 58 & 59,5,2,7
